insert into users (id, name, lastname, email, password, image, roles_id) values (1, 'Deerdre', 'Portugal', 'dportugal0@51.la', 'Jihd379lXw', 'https://robohash.org/ipsaeaminus.png?size=50x50&set=set1', 1);
insert into users (id, name, lastname, email, password, image, roles_id) values (2, 'Shaylyn', 'Scullard', 'sscullard1@huffingtonpost.com', 'AtISh0j', 'https://robohash.org/cumidinventore.png?size=50x50&set=set1', 2);
insert into users (id, name, lastname, email, password, image, roles_id) values (3, 'Lukas', 'Martin', 'lmartin2@bloglines.com', 'ae1kya6VT', 'https://robohash.org/quidematipsa.png?size=50x50&set=set1', 1);
insert into users (id, name, lastname, email, password, image, roles_id) values (4, 'Leyla', 'Batthew', 'lbatthew3@hatena.ne.jp', 'P7puFQe9V', 'https://robohash.org/deseruntrepellendusvoluptatibus.png?size=50x50&set=set1', 2);
insert into users (id, name, lastname, email, password, image, roles_id) values (5, 'Arielle', 'Cocci', 'acocci4@alibaba.com', 'BXWNzkFh', 'https://robohash.org/corruptiinqui.png?size=50x50&set=set1', 1);
insert into users (id, name, lastname, email, password, image, roles_id) values (6, 'Miguelita', 'Rackam', 'mrackam5@nih.gov', '5tS2BNBZX9B', 'https://robohash.org/quinobisest.png?size=50x50&set=set1', 1);
insert into users (id, name, lastname, email, password, image, roles_id) values (7, 'Damien', 'Smewings', 'dsmewings6@rambler.ru', 'kQ45UU', 'https://robohash.org/nisiliberoearum.png?size=50x50&set=set1', 1);
insert into users (id, name, lastname, email, password, image, roles_id) values (8, 'Chiarra', 'Eliyahu', 'celiyahu7@marketwatch.com', 'e54CoeEl', 'https://robohash.org/abassumendain.png?size=50x50&set=set1', 2);
insert into users (id, name, lastname, email, password, image, roles_id) values (9, 'Webb', 'Brasted', 'wbrasted8@ebay.com', '3khYPUS', 'https://robohash.org/repellendusautet.png?size=50x50&set=set1', 1);
insert into users (id, name, lastname, email, password, image, roles_id) values (10, 'Gisele', 'Vassay', 'gvassay9@shutterfly.com', 'CnMlMX9n', 'https://robohash.org/quiaaliasrem.png?size=50x50&set=set1', 1);
insert into users (id, name, lastname, email, password, image, roles_id) values (11, 'Luke', 'Suter', 'lsutera@nytimes.com', 'S8NeG1S', 'https://robohash.org/etconsequaturbeatae.png?size=50x50&set=set1', 2);
insert into users (id, name, lastname, email, password, image, roles_id) values (12, 'Janella', 'Maytom', 'jmaytomb@gravatar.com', 'fyFdTrsToun', 'https://robohash.org/assumendanonfacilis.png?size=50x50&set=set1', 1);
insert into users (id, name, lastname, email, password, image, roles_id) values (13, 'Donaugh', 'Weson', 'dwesonc@weather.com', 'ZtGlqMWEH0', 'https://robohash.org/voluptasnihilsuscipit.png?size=50x50&set=set1', 1);
insert into users (id, name, lastname, email, password, image, roles_id) values (14, 'Angeli', 'Cregin', 'acregind@feedburner.com', 'AvdXT9sVEC3', 'https://robohash.org/veniamconsequaturest.png?size=50x50&set=set1', 2);
insert into users (id, name, lastname, email, password, image, roles_id) values (15, 'Bondon', 'Jonas', 'bjonase@gmpg.org', 'TRx9Zqus', 'https://robohash.org/molestiaefacilisaut.png?size=50x50&set=set1', 2);
insert into users (id, name, lastname, email, password, image, roles_id) values (16, 'Reeta', 'Frankema', 'rfrankemaf@opensource.org', 'ZaBiTyMUNSKr', 'https://robohash.org/idillocupiditate.png?size=50x50&set=set1', 2);
insert into users (id, name, lastname, email, password, image, roles_id) values (17, 'Arluene', 'Seldner', 'aseldnerg@php.net', 'bsfoWLgfDqjv', 'https://robohash.org/quiharumvoluptas.png?size=50x50&set=set1', 1);
insert into users (id, name, lastname, email, password, image, roles_id) values (18, 'Corrie', 'Filipputti', 'cfilipputtih@senate.gov', '2paD0FbWu4Sf', 'https://robohash.org/dictaaliquamex.png?size=50x50&set=set1', 1);
insert into users (id, name, lastname, email, password, image, roles_id) values (19, 'Bear', 'Tranmer', 'btranmeri@opera.com', 'GiKrHb', 'https://robohash.org/nonreprehenderitet.png?size=50x50&set=set1', 2);
insert into users (id, name, lastname, email, password, image, roles_id) values (20, 'Honey', 'Di Biaggi', 'hdibiaggij@phoca.cz', '8HymnyW6YuTK', 'https://robohash.org/ullamomnismodi.png?size=50x50&set=set1', 1);

insert into products (id, name, price, description, quantity, picture, regions_id) values (1, 'Phaulothamnus A. Gray', 1.72, 'Praesent blandit lacinia erat. Vestibulum sed magna at nunc commodo placerat. Praesent blandit.', 11, 'http://dummyimage.com/198x100.png/dddddd/000000', 4);
insert into products (id, name, price, description, quantity, picture, regions_id) values (2, 'Lesquerella ovalifolia Rydb. ex Britton ssp. alba (Goodman) Rollins & Shaw', 1.06, 'Aliquam erat volutpat.', 13, 'http://dummyimage.com/200x100.png/cc0000/ffffff', 5);
insert into products (id, name, price, description, quantity, picture, regions_id) values (3, 'Croton alabamensis E.A. Sm. ex Chapm. var. alabamensis', 1.47, 'Lorem ipsum dolor sit amet, consectetuer adipiscing elit. Proin risus. Praesent lectus. Vestibulum quam sapien, varius ut, blandit non, interdum in, ante. Vestibulum ante ipsum primis in faucibus orci luctus et ultrices posuere cubilia Curae; Duis faucibus accumsan odio.', 1, 'http://dummyimage.com/189x100.png/ff4444/ffffff', 5);
insert into products (id, name, price, description, quantity, picture, regions_id) values (4, 'Erigeron eatonii A. Gray', 2.22, 'Aenean fermentum. Donec ut mauris eget massa tempor convallis. Nulla neque libero, convallis eget, eleifend luctus, ultricies eu, nibh. Quisque id justo sit amet sapien dignissim vestibulum. Vestibulum ante ipsum primis in faucibus orci luctus et ultrices posuere cubilia Curae; Nulla dapibus dolor vel est.', 10, 'http://dummyimage.com/188x100.png/cc0000/ffffff', 5);
insert into products (id, name, price, description, quantity, picture, regions_id) values (5, 'Limnanthes striata Jeps.', 1.41, 'Vivamus tortor. Duis mattis egestas metus.', 1, 'http://dummyimage.com/239x100.png/cc0000/ffffff', 4);
insert into products (id, name, price, description, quantity, picture, regions_id) values (6, 'Polygala rectipilis S.F. Blake', 2.24, 'Nam dui.', 13, 'http://dummyimage.com/200x100.png/5fa2dd/ffffff', 6);
insert into products (id, name, price, description, quantity, picture, regions_id) values (7, 'Leymus ×multiflorus (Gould) Barkworth & Atkins', 2.63, 'Morbi non lectus. Aliquam sit amet diam in magna bibendum imperdiet.', 9, 'http://dummyimage.com/215x100.png/cc0000/ffffff', 3);
insert into products (id, name, price, description, quantity, picture, regions_id) values (8, 'Carex radiata (Wahlenb.) Small', 2.79, 'Curabitur in libero ut massa volutpat convallis.', 13, 'http://dummyimage.com/232x100.png/dddddd/000000', 3);
insert into products (id, name, price, description, quantity, picture, regions_id) values (9, 'Munroa Torr., orth. cons.', 2.85, 'Proin eu mi. Nulla ac enim. In tempor, turpis nec euismod scelerisque, quam turpis adipiscing lorem, vitae mattis nibh ligula nec sem. Duis aliquam convallis nunc. Proin at turpis a pede posuere nonummy.', 7, 'http://dummyimage.com/179x100.png/ff4444/ffffff', 1);
insert into products (id, name, price, description, quantity, picture, regions_id) values (10, 'Salvinia minima Baker', 2.44, 'Aenean fermentum. Donec ut mauris eget massa tempor convallis.', 7, 'http://dummyimage.com/243x100.png/dddddd/000000', 3);

insert into roles (id, roleName) values (1, 'Administrador');
insert into roles (id, roleName) values (2, 'Cliente');

insert into regions (id, region) values (1, 'Región Andina');
insert into regions (id, region) values (2, 'Región Caribe');
insert into regions (id, region) values (3, 'Región Pacífica');
insert into regions (id, region) values (4, 'Región de la Orinoquía');
insert into regions (id, region) values (5, 'Región Amazónica');
insert into regions (id, region) values (6, 'Región Insular');

--SET FOREIGN_KEY_CHECKS=0; comando para que se pueda agregar información en tablas con dependencias.
